0,218,Lionel Messi,4,0,1,0,310.5285
0,1,Kylian Mbappé,4,0,1,0,230.01925
0,115,Mohamed Salah,4,0,1,0,223.5675
0,114,Eden Hazard,4,0,1,0,221.936
0,60,Fabio Quagliarella,4,0,1,0,221.80925
0,62,Duván Zapata,4,0,1,0,219.4595
0,118,Sadio Mané,4,0,1,0,215.93
0,221,Karim Benzema,4,0,1,0,211.664
0,126,Pierre-Emerick Aubameyang,4,0,1,0,210.304
0,171,Robert Lewandowski,4,0,1,0,201.4985
0,116,Raheem Sterling,4,0,1,0,201.3735
0,222,Luis Suárez,4,0,1,0,199.1285
0,68,Krzysztof Piątek,4,0,1,0,194.16625
0,224,Wissam Ben Yedder,4,0,1,0,192.81375
0,226,Jorge Molina,4,0,1,0,192.605
0,61,Dries Mertens,4,0,1,0,191.0025
0,117,Sergio Agüero,4,0,1,0,190.7655
0,220,Antoine Griezmann,4,0,1,0,188.557
0,56,Cristiano Ronaldo,4,0,1,0,188.50525
0,219,Iago Aspas,4,0,1,0,185.552
0,82,Francesco Caputo,4,0,1,0,185.117
0,175,Wout Weghorst,4,0,1,0,180.0555
0,230,Borja Iglesias,4,0,1,0,178.21425
0,124,Raúl Jiménez,4,0,1,0,173.718
0,73,Ciro Immobile,4,0,1,0,173.457
0,129,Jamie Vardy,4,0,1,0,173.0015
0,178,Andrej Kramarić,4,0,1,0,171.91
0,127,Roberto Firmino,4,0,1,0,169.7175
0,172,Sébastien Haller,4,0,1,0,169.58975
0,174,Kevin Volland,4,0,1,0,168.678
0,85,Andrea Petagna,4,0,1,0,168.041
0,6,Andy Delort,4,0,1,0,168.001
0,179,Luka Jović,4,0,1,0,167.914
0,66,Arkadiusz Milik,4,0,1,0,166.51375
0,234,Iñaki Williams,4,0,1,0,164.0995
0,177,Yussuf Poulsen,4,0,1,0,163.75
0,253,José Luis Morales,4,0,1,0,162.975
0,70,Andrea Belotti,4,0,1,0,162.95575
0,83,Grégoire Defrel,4,0,1,0,162.63
0,152,Glenn Murray,4,0,1,0,162.3975
0,225,Christian Stuani,4,0,1,0,162.263
0,55,Alejandro Gómez,4,0,1,0,161.87625
0,3,Memphis Depay,4,0,1,0,161.444
0,140,Joshua King,4,0,1,0,161.3675
0,183,Paco Alcácer,4,0,1,0,160.335
0,125,Alexandre Lacazette,4,0,1,0,160.14875
0,176,Timo Werner,4,0,1,0,160.04
0,2,Ángel Di María,4,0,1,0,158.065
0,63,Leonardo Pavoletti,4,0,1,0,156.776
0,130,Callum Wilson,4,0,1,0,156.0975
0,15,Gaëtan Laborde,4,0,1,0,154.65675
0,121,Harry Kane,4,0,1,0,153.078
0,58,Josip Iličić,4,0,1,0,153.06925
0,237,Charles Días,4,0,1,0,152.826
0,10,Moussa Dembélé,4,0,1,0,152.725
0,233,Jaime Mata,4,0,1,0,152.2345
0,123,Leroy Sané,4,0,1,0,152
0,147,Chris Wood,4,0,1,0,151.45
0,189,Jean-Philippe Mateta,4,0,1,0,151.287
0,142,Ashley Barnes,4,0,1,0,150.91525
0,57,Suso,4,0,1,0,150.27375
0,173,Ishak Belfodil,4,0,1,0,149.806
0,35,Lebo Mothiba,4,0,1,0,148.77125
0,235,Maximiliano Gómez,4,0,1,0,148.39875
0,13,Radamel Falcao,4,0,1,0,147.4605
0,81,Gervinho,4,0,1,0,146.81
0,5,Wahbi Khazri,4,0,1,0,146.681
0,17,Renaud Ripart,4,0,1,0,146.161
0,194,Alassane Pléa,4,0,1,0,145.766
0,128,Heung-Min Son,4,0,1,0,145.58575
0,132,Aleksandar Mitrović,4,0,1,0,145.419
0,4,Edinson Cavani,4,0,1,0,145.20825
0,23,François Kamano,4,0,1,0,143.35675
0,143,Romelu Lukaku,4,0,1,0,141.472
0,238,Raúl de Tomás,4,0,1,0,141.4565
0,138,Wilfried Zaha,4,0,1,0,139.95
0,135,Salomón Rondón,4,0,1,0,139.514
0,231,Willian José,4,0,1,0,139.40525
0,144,Nathan Redmond,4,0,1,0,139.0815
0,16,Valère Germain,4,0,1,0,138.995
0,134,Gerard Deulofeu,4,0,1,0,138.455
0,148,Lucas Moura,4,0,1,0,136.512
0,249,Roger Martí,4,0,1,0,135.26275
0,122,Pedro,4,0,1,0,135.20575
0,184,Mario Götze,4,0,1,0,134.2895
0,32,Stéphane Bahoken,4,0,1,0,134.156
0,141,Diogo Jota,4,0,1,0,133.72025
0,139,Marcus Rashford,4,0,1,0,133.70425
0,246,Karl Toko Ekambi,4,0,1,0,133.4485
0,72,Domenico Berardi,4,0,1,0,132.965
0,223,Ousmane Dembélé,4,0,1,0,132.424
0,137,Anthony Martial,4,0,1,0,132.27275
0,27,Nuno Da Costa,4,0,1,0,130.956
0,252,Ángel Rodríguez,4,0,1,0,130.825
0,240,Gerard Moreno,4,0,1,0,130.23375
0,136,Troy Deeney,4,0,1,0,129.975
0,75,Mauro Icardi,4,0,1,0,129.84675
0,59,Lorenzo Insigne,4,0,1,0,128.993
0,12,Allan Saint-Maximin,4,0,1,0,128.547
0,29,Jimmy Briand,4,0,1,0,127.93625
0,229,Jonathan Calleri,4,0,1,0,127.3875
0,78,Federico Chiesa,4,0,1,0,127.346
0,195,Dodi Lukebakio,4,0,1,0,126.825
0,133,Marko Arnautović,4,0,1,0,126.737
0,227,Rodrigo,4,0,1,0,124.73675
0,190,Luca Waldschmidt,4,0,1,0,124.7075
0,7,Florent Mollet,4,0,1,0,124.494
0,242,Sergi Enrich,4,0,1,0,123.77
0,14,M'Baye Niang,4,0,1,0,123.18375
0,257,Kévin Gameiro,4,0,1,0,121.69425
0,120,Riyad Mahrez,4,0,1,0,121.64725
0,239,André Silva,4,0,1,0,120.93125
0,74,Joaquín Correa,4,0,1,0,120.3515
0,65,Edin Džeko,4,0,1,0,120.13625
0,241,Chimy Ávila,4,0,1,0,119.9775
0,88,Diego Farias,4,0,1,0,119.586
0,69,Camillo Ciano,4,0,1,0,119.456
0,52,Enzo Crivelli,4,0,1,0,118.9285
0,119,Willian,4,0,1,0,118.85
0,67,Mario Mandžukić,4,0,1,0,118.7125
0,79,Christian Kouamé,4,0,1,0,118.46
0,98,João Pedro,4,0,1,0,118.337
0,43,Sada Thioub,4,0,1,0,117.913
0,197,Ante Rebić,4,0,1,0,117.409
0,260,Carlos Bacca,4,0,1,0,116.59775
0,64,Paulo Dybala,4,0,1,0,116.1025
0,192,Lucas Alario,4,0,1,0,116
0,228,Gareth Bale,4,0,1,0,115.6565
0,77,Federico Santander,4,0,1,0,115.332
0,244,Santi Mina,4,0,1,0,115.015
0,11,Hatem Ben Arfa,4,0,1,0,114.9925
0,185,Joelinton,4,0,1,0,114.842
0,107,Mariusz Stępiński,4,0,1,0,114.825
0,102,Kevin Lasagna,4,0,1,0,114.736
0,558,Willy Boly,2,0,1,0,238.361111111111
0,565,Nathan Ak�,2,0,1,0,231.763157894737
0,352,Armando Izzo,2,0,1,0,228.779279279279
0,548,James Tarkowski,2,0,1,0,226.933333333333
0,549,Aaron Wan-Bissaka,2,0,1,0,224.728571428571
0,563,Ricardo Pereira,2,0,1,0,223.97619047619
0,545,Shane Duffy,2,0,1,0,220.042857142857
0,530,Virgil van Dijk,2,0,1,0,217.592105263158
0,550,Sol Bamba,2,0,1,0,215.869047619048
0,355,Domenico Criscito,2,0,1,0,215.383333333333
0,599,Bruno Ecuele Manga,2,0,1,0,210.565789473684
0,564,Ben Mee,2,0,1,0,207.364035087719
0,532,Lucas Digne,2,0,1,0,206.240476190476
0,282,Yunis Abdelhamid,2,0,1,0,203.293859649123
0,379,Riccardo Gagliolo,2,0,1,0,198.700980392157
0,488,V�ctor Laguardia,2,0,1,0,197.638888888889
0,358,Francesco Acerbi,2,0,1,0,197.358108108108
0,591,Craig Cathcart,2,0,1,0,196.055555555556
0,301,Fr�d�ric Guilbert,2,0,1,0,195.475490196078
0,576,Sean Morrison,2,0,1,0,194.524509803922
0,465,Leandro Cabrera,2,0,1,0,193.3125
0,364,Federico Fazio,2,0,1,0,193.274509803922
0,449,Marc Bartra,2,0,1,0,192.848484848485
0,533,David Luiz,2,0,1,0,192.833333333333
0,369,Nicolas N'Koulou,2,0,1,0,191.222222222222
0,554,Issa Diop,2,0,1,0,190.666666666667
0,571,Lewis Dunk,2,0,1,0,190.472222222222
0,540,C�sar Azpilicueta,2,0,1,0,190.140350877193
0,360,Germ�n Pezzella,2,0,1,0,190.104166666667
0,277,Diego Carlos,2,0,1,0,189.807142857143
0,463,Dimitrios Siovas,2,0,1,0,189.313725490196
0,592,Christopher Schindler,2,0,1,0,189.259009009009
0,304,Daniel Congr�,2,0,1,0,188.725225225225
0,551,Michael Keane,2,0,1,0,188.159090909091
0,321,Jules Kound�,2,0,1,0,187.84009009009
0,278,Alexander Djiku,2,0,1,0,187.575268817204
0,432,Gerard Piqu�,2,0,1,0,186.747619047619
0,559,Shkodran Mustafi,2,0,1,0,186.736559139785
0,287,Anthony Brian�on,2,0,1,0,186.348484848485
0,402,Giovanni Di Lorenzo,2,0,1,0,185.083333333333
0,445,Nacho Martinez,2,0,1,0,184.992857142857
0,555,Steve Cook,2,0,1,0,184.52688172043
0,299,Christopher Jullien,2,0,1,0,183.838235294118
0,493,Fernando Calero,2,0,1,0,183.333333333333
0,285,Vitorino Hilton,2,0,1,0,182.777777777778
0,351,Aleksandar Kolarov,2,0,1,0,182.204545454545
0,501,Jorge Pulido,2,0,1,0,181.395833333333
0,373,Nikola Milenkovi?,2,0,1,0,181.362745098039
0,270,Christophe Herelle,2,0,1,0,179.636363636364
0,308,Kamil Glik,2,0,1,0,179.204545454545
0,267,Marcelo,2,0,1,0,179.19696969697
0,384,Danilo,2,0,1,0,179.059523809524
0,513,Xabier Etxeita,2,0,1,0,178.236559139785
0,539,Fabian Sch�r,2,0,1,0,177.75
0,476,Hugo Mallo,2,0,1,0,176.983333333333
0,391,Bruno Alves,2,0,1,0,176.856060606061
0,318,Fod� Ballo-Tour�,2,0,1,0,176.222222222222
0,271,Pablo Martinez,2,0,1,0,176.041666666667
0,284,Malang Sarr,2,0,1,0,175.628571428571
0,322,Wesley Lautoa,2,0,1,0,175.455882352941
0,438,Mario Hermoso,2,0,1,0,174.895833333333
0,374,Mattia Bani,2,0,1,0,174.65
0,562,Jamaal Lascelles,2,0,1,0,174.125
0,422,Simone Iacoponi,2,0,1,0,174.035087719298
0,597,Terence Kongolo,2,0,1,0,173.791666666667
0,492,Kiko Olivas,2,0,1,0,173.714285714286
0,459,Diego God�n,2,0,1,0,172.933333333333
0,401,William Troost-Ekong,2,0,1,0,172.114285714286
0,594,Calum Chambers,2,0,1,0,172.102150537634
0,467,Jos� Luis Gay�,2,0,1,0,171.97380952381
0,593,Ben Chilwell,2,0,1,0,171.166666666667
0,289,Jos� Fonte,2,0,1,0,170.25
0,451,N�stor Araujo,2,0,1,0,170.208333333333
0,544,Matt Ritchie,2,0,1,0,170.194444444444
0,353,Kalidou Koulibaly,2,0,1,0,170.121428571429
0,452,I�igo Mart�nez,2,0,1,0,170.05303030303
0,503,Djen�,2,0,1,0,169.833333333333
0,375,Vitor Hugo,2,0,1,0,169.683333333333
0,280,Damien Da Silva,2,0,1,0,169.44696969697
0,457,Ximo Navarro,2,0,1,0,169.268817204301
0,437,Jos� �ngel,2,0,1,0,168.947619047619
0,293,Vincent Manceau,2,0,1,0,168.682795698925
0,566,Patrick van Aanholt,2,0,1,0,168.305555555556
0,272,Dante,2,0,1,0,168.111111111111
0,546,Marcos Alonso,2,0,1,0,167.432795698925
0,377,Nicola Murru,2,0,1,0,165.942857142857
0,315,Timoth�e Kolodziejczak,2,0,1,0,165.611111111111
0,547,Harry Maguire,2,0,1,0,165.510752688172
0,415,Davide Biraschi,2,0,1,0,165.029411764706
0,482,Yeray �lvarez,2,0,1,0,163.55
0,363,Milan �kriniar,2,0,1,0,163.459523809524
0,538,Andrew Robertson,2,0,1,0,163.138888888889
0,274,Pedro Rebocho,2,0,1,0,163.111111111111
0,536,Aymeric Laporte,2,0,1,0,163.109523809524
0,268,Marquinhos,2,0,1,0,162.933333333333
0,439,Jordi Alba,2,0,1,0,162.833333333333
0,296,F�lix Eboa Eboa,2,0,1,0,162.75
0,585,Ryan Bennett,2,0,1,0,162.735294117647
0,520,�lex Moreno,2,0,1,0,162.666666666667
0,470,�lvaro Gonz�lez,2,0,1,0,162.44696969697
0,385,Gianluca Mancini,2,0,1,0,162.133333333333
0,504,Rub�n Duarte,2,0,1,0,162.121212121212
0,361,Alessio Romagnoli,2,0,1,0,161.979166666667
0,291,Bj�rn Engels,2,0,1,0,161.727272727273
0,305,C�dric Yamb�r�,2,0,1,0,161.636363636364
0,394,Thiago Cionek,2,0,1,0,161.548387096774
0,319,Zeki �elik,2,0,1,0,161.460784313726
0,404,Mat�as Silvestre,2,0,1,0,161.401960784314
0,575,James Tomkins,2,0,1,0,161.350574712644
0,468,Bernardo Espinosa,2,0,1,0,160.841397849462
0,281,Lo�c Perrin,2,0,1,0,160.717741935484
0,572,Jan Bednarek,2,0,1,0,160.493333333333
0,498,Juanpe,2,0,1,0,159.962121212121
0,578,Fabi�n Balbuena,2,0,1,0,159.416666666667
0,478,Dami�n Su�rez,2,0,1,0,159.305555555556
0,601,Charlie Taylor,2,0,1,0,159.043859649123
0,462,Rapha�l Varane,2,0,1,0,158.770833333333
0,606,Denis Odoi,2,0,1,0,158.427419354839
0,431,Sergio Ramos,2,0,1,0,158.357142857143
0,323,Thomas Foket,2,0,1,0,157.916666666667
0,440,Gabriel Paulista,2,0,1,0,157.8
0,512,R�ber Pier,2,0,1,0,157.515151515152
0,557,Jannik Vestergaard,2,0,1,0,157.333333333333
0,569,Kurt Zouma,2,0,1,0,157
0,297,Boubacar Kamara,2,0,1,0,156.338709677419
0,541,Toby Alderweireld,2,0,1,0,155.887254901961
0,474,Sergi G�mez,2,0,1,0,155.791666666667
0,480,Ramiro Funes Mori,2,0,1,0,155.172043010753
0,292,Nicolas Pallois,2,0,1,0,154.5
0,412,Edoardo Goldaniga,2,0,1,0,152.913793103448
0,472,Aritz Elustondo,2,0,1,0,152.833333333333
0,342,Kelvin Amian,2,0,1,0,152.458333333333
0,435,Guillermo Marip�n,2,0,1,0,151.717391304348
0,345,Emil Krafth,2,0,1,0,151.359523809524
0,455,Yuri Berchiche,2,0,1,0,151.17380952381
0,381,Gianmarco Ferrari,2,0,1,0,150.868279569892
0,561,Jos� Holebas,2,0,1,0,150.630952380952
0,581,Zanka,2,0,1,0,150.333333333333
0,329,Enock Kwateng,2,0,1,0,149.766666666667
0,378,Joachim Andersen,2,0,1,0,149.708333333333
0,475,Kenneth Omeruo,2,0,1,0,149.559523809524
0,320,Hamari Traore,2,0,1,0,149.455882352941
0,604,Maxime Le Marchand,2,0,1,0,149.339743589744
0,331,Prince Gouano,2,0,1,0,148.933333333333
0,275,Pedro Mendes,2,0,1,0,148.747311827957
0,583,Victor Lindel�f,2,0,1,0,148.066666666667
0,382,Cristian Romero,2,0,1,0,147.87962962963
0,450,Jonathan Silva,2,0,1,0,147.766666666667
0,336,Isma�l Traor�,2,0,1,0,146.933333333333
0,531,Trent Alexander-Arnold,2,0,1,0,146.775862068966
0,527,Jordi Amat,2,0,1,0,146.543010752688
0,589,Conor Coady,2,0,1,0,146.530701754386
0,354,Alex Sandro,2,0,1,0,145.967741935484
0,294,Jason Denayer,2,0,1,0,145.903225806452
0,286,Romain Thomas,2,0,1,0,145.845238095238
0,453,Jorge Miram�n,2,0,1,0,145.766666666667
0,388,Danilo D'Ambrosio,2,0,1,0,145.633333333333
0,487,Abdoulaye Ba,2,0,1,0,145.49358974359
0,416,Rog�rio,2,0,1,0,145.257575757576
0,537,Fernandinho,2,0,1,0,144.790229885057
0,340,Bakaye Dibassy,2,0,1,0,144.392156862745
0,327,Oussama Haddadi,2,0,1,0,144.3125
0,380,Jos� Luis Palomino,2,0,1,0,144.216666666667
0,302,Mateo Pavlovi?,2,0,1,0,144
0,444,Rub�n Pe�a,2,0,1,0,143.927419354839
0,552,Ashley Young,2,0,1,0,143.816666666667
0,495,D�dac Vila,2,0,1,0,143.592592592593
0,372,Ricardo Rodr�guez,2,0,1,0,142.954761904762
0,586,S�amus Coleman,2,0,1,0,142.91091954023
0,447,A�ssa Mandi,2,0,1,0,142.82380952381
0,396,Francesco Vicari,2,0,1,0,142.809523809524
0,596,Joe Bennett,2,0,1,0,142.533333333333
0,303,Jordan Amavi,2,0,1,0,142.357142857143
0,332,J�r�my Sorbon,2,0,1,0,142.356060606061
0,288,Mathieu Debuchy,2,0,1,0,141.75
0,290,Hiroki Sakai,2,0,1,0,141.527777777778
0,339,Sofiane Alakouch,2,0,1,0,140.993333333333
0,534,Kieran Trippier,2,0,1,0,140.824074074074
0,310,Ramy Bensebaini,2,0,1,0,140.62
0,419,Fabio Depaoli,2,0,1,0,140.272727272727
0,414,Federico Barba,2,0,1,0,140.216666666667
0,509,Paulo Oliveira,2,0,1,0,139.619047619048
0,370,Konstantinos Manolas,2,0,1,0,139.564814814815
0,367,Alessandro Florenzi,2,0,1,0,138.945402298851
0,386,Mateo Musacchio,2,0,1,0,138.902298850575
0,519,Coke,2,0,1,0,138.722222222222
0,311,Stefan Mitrovic,2,0,1,0,138.333333333333
0,317,Bouna Sarr,2,0,1,0,138.284482758621
0,392,Davide Calabria,2,0,1,0,138.224358974359
0,514,Mario Gaspar,2,0,1,0,137.819892473118
0,560,Antonio R�diger,2,0,1,0,137.621212121212
0,454,Filipe Lu�s,2,0,1,0,137.462962962963
0,588,Joe Bryan,2,0,1,0,137.392857142857
0,300,Pablo Nascimento Castro,2,0,1,0,137.36
0,344,Christophe Kerbrat,2,0,1,0,136.346666666667
0,574,Jonny Evans,2,0,1,0,135.833333333333
0,276,Ferland Mendy,2,0,1,0,134.95
0,568,Luke Shaw,2,0,1,0,134.804597701149
0,326,Issiaga Sylla,2,0,1,0,134.333333333333
0,587,Paul Dummett,2,0,1,0,133.666666666667
0,347,Neven Suboti?,2,0,1,0,133.576923076923
0,365,Leonardo Bonucci,2,0,1,0,133.416666666667
0,283,Thilo Kehrer,2,0,1,0,132.722222222222
0,577,Mamadou Sakho,2,0,1,0,132.694444444444
0,603,Pablo Zabaleta,2,0,1,0,131.955128205128
0,400,Kevin Bonifazi,2,0,1,0,131.925925925926
0,602,Kiko Femenia,2,0,1,0,131.5
0,335,Abdoulaye Bamba,2,0,1,0,130.916666666667
0,312,Lucas Lima,2,0,1,0,130.661290322581
0,393,Bram Nuytinck,2,0,1,0,130.305555555556
0,306,Jonathan Gradit,2,0,1,0,129.916666666667
0,460,Pedro Alcala,2,0,1,0,129.89
0,521,�scar de Marcos,2,0,1,0,129.783333333333
0,338,Anthony Caci,2,0,1,0,129.60632183908
0,518,Pedro Porro,2,0,1,0,129.125
0,410,Marco Capuano,2,0,1,0,129.074074074074
0,543,Kyle Walker,2,0,1,0,129.007575757576
0,473,Daniel Wass,2,0,1,0,128.354166666667
0,441,Ezequiel Garay,2,0,1,0,128.333333333333
0,655,Nicolas P�p�,3,0,1,0,229.376087719298
0,860,Paul Pogba,3,0,1,0,185.2725
0,859,Luka Milivojevi?,3,0,1,0,180.540956140351
0,688,Jonathan Bamba,3,0,1,0,175.422938596491
0,857,Gylfi Sigur�sson,3,0,1,0,173.766956140351
0,753,Dani Parejo,3,0,1,0,173.626148148148
0,657,Florian Thauvin,3,0,1,0,170.592648989899
0,676,Houssem Aouar,3,0,1,0,167.427786036036
0,801,Mikel Oyarzabal,3,0,1,0,165.664072072072
0,866,Felipe Anderson,3,0,1,0,164.496296296296
0,854,Ryan Fraser,3,0,1,0,163.386929824561
0,755,Pablo Sarabia,3,0,1,0,162.198919191919
0,961,Rodrigo De Paul,3,0,1,0,161.789185185185
0,868,Jorginho,3,0,1,0,160.030574324324
0,674,Max Gradel,3,0,1,0,158.928333333333
0,894,Ayoze P�rez,3,0,1,0,158.898013513514
0,858,Christian Eriksen,3,0,1,0,158.809285714286
0,855,David Silva,3,0,1,0,157.21726010101
0,667,R�my Cabella,3,0,1,0,156.655803921569
0,863,Bernardo Silva,3,0,1,0,156.430481481482
0,979,Piotr Zieli?ski,3,0,1,0,150.883185185185
0,913,Richarlison,3,0,1,0,149.124702380952
0,853,James Maddison,3,0,1,0,147.333
0,762,Giovani Lo Celso,3,0,1,0,146.317333333333
0,900,N'Golo Kant�,3,0,1,0,145.176962962963
0,910,Abdoulaye Doucour�,3,0,1,0,144.735238095238
0,659,Valentin Rongier,3,0,1,0,144.727444444444
0,856,?lkay G�ndo?an,3,0,1,0,143.944502688172
0,653,Teji Savanier,3,0,1,0,143.351916666667
0,662,Fay�al Fajr,3,0,1,0,141.76162962963
0,702,Remi Oudin,3,0,1,0,141.547858108108
0,969,Ivan Peri�i?,3,0,1,0,141.447637254902
0,756,Santi Cazorla,3,0,1,0,141.078273809524
0,758,Sergio Canales,3,0,1,0,140.9015
0,981,Remo Freuler,3,0,1,0,140.83880952381
0,760,Ivan Rakiti?,3,0,1,0,140.660911764706
0,995,Franck Kessi�,3,0,1,0,140.096911764706
0,656,Flavien Tait,3,0,1,0,139.381592592593
0,966,Stephan El Shaarawy,3,0,1,0,138.598523809524
0,766,Jos� Campa�a,3,0,1,0,138.487111111111
0,664,Kenny Lala,3,0,1,0,137.544362745098
0,761,Rodri,3,0,1,0,135.594254901961
0,877,Matt Doherty,3,0,1,0,135.295605263158
0,869,Wilfred Ndidi,3,0,1,0,135.284859649123
0,1012,Hans Hateboer,3,0,1,0,135.082857142857
0,874,Andros Townsend,3,0,1,0,134.952543859649
0,883,R�ben Neves,3,0,1,0,134.87880952381
0,962,Hakan �alhano?lu,3,0,1,0,133.934481481482
0,864,Jo�o Moutinho,3,0,1,0,133.63250877193
0,965,Marcelo Brozovi?,3,0,1,0,133.125333333333
0,823,Portu,3,0,1,0,132.92281372549
0,690,Ismaila Sarr,3,0,1,0,132.834464285714
0,990,Marten de Roon,3,0,1,0,132.579285714286
0,654,Nabil Fekir,3,0,1,0,132.244545977011
0,773,Philippe Coutinho,3,0,1,0,132.003
0,680,Ellyes Skhiri,3,0,1,0,131.148596846847
0,794,Iker Muniain,3,0,1,0,130.348941176471
0,970,Jos� Callej�n,3,0,1,0,130.232539215686
0,763,Luka Modri?,3,0,1,0,129.693009803922
0,971,Jordan Veretout,3,0,1,0,129.537919191919
0,904,Georginio Wijnaldum,3,0,1,0,129.192678571429
0,867,Granit Xhaka,3,0,1,0,129.170698275862
0,991,Riccardo Orsolini,3,0,1,0,128.705654761905
0,671,Bertrand Traor�,3,0,1,0,128.048058823529
0,757,Joan Jordan,3,0,1,0,128.030407407407
0,939,Roberto Pereyra,3,0,1,0,126.974580808081
0,1000,Senad Luli?,3,0,1,0,126.662380952381
0,682,Yann M'Vila,3,0,1,0,126.482943693694
0,984,Allan,3,0,1,0,126.433267676768
0,963,Fabi�n Ruiz,3,0,1,0,126.144675925926
0,989,Rade Kruni?,3,0,1,0,126.114909090909
0,976,Matteo Politano,3,0,1,0,126.100740740741
0,923,James McArthur,3,0,1,0,125.477368421053
0,772,Sergio Busquets,3,0,1,0,125.213928571429
0,672,Tanguy Ndomb�l�,3,0,1,0,124.889441176471
0,749,Denis Bouanga,3,0,1,0,124.662619047619
0,685,Maxime L�pez,3,0,1,0,124.279583333333
0,780,Marc Roca,3,0,1,0,124.205
0,988,Dennis Praet,3,0,1,0,124.146764705882
0,774,Jony,3,0,1,0,123.937925925926
0,784,Ra�l Garc�a,3,0,1,0,123.723416666667
0,660,Wylan Cyprien,3,0,1,0,123.654859195402
0,700,Benjamin Bourigeaud,3,0,1,0,123.620078431373
0,687,Martin Terrier,3,0,1,0,123.226
0,770,Arturo Vidal,3,0,1,0,123.125550505051
0,983,Isma�l Bennacer,3,0,1,0,122.401945945946
0,736,Marcus Thuram,3,0,1,0,122.374
0,886,David Brooks,3,0,1,0,121.805
0,776,Brais M�ndez,3,0,1,0,121.803653225806
0,1033,Pol Lirola,3,0,1,0,121.680654761905
0,708,Morgan Sanson,3,0,1,0,121.353515151515
0,967,Miralem Pjani?,3,0,1,0,121.032943548387
0,717,Baptiste Santamaria,3,0,1,0,121.013350877193
0,759,Koke,3,0,1,0,119.994444444444
0,709,Adrien Tameze,3,0,1,0,119.669986486486
0,782,Sa�l ��guez,3,0,1,0,119.116696969697
0,968,Erick Pulgar,3,0,1,0,119.098238095238
0,703,Damien Le Tallec,3,0,1,0,119.061518518519
0,885,Declan Rice,3,0,1,0,118.764656862745
0,862,James Milner,3,0,1,0,118.689064516129
0,881,Pierre-Emile H�jbjerg,3,0,1,0,118.671516129032
0,786,Rub�n Alcaraz,3,0,1,0,118.649107843137
0,810,Moi G�mez,3,0,1,0,118.526037037037
0,658,Thiago Mendes,3,0,1,0,118.498869047619
0,986,Daniele Baselli,3,0,1,0,118.460284313725
0,698,Ot�vio,3,0,1,0,118.191994949495
0,694,Adrien Thomasson,3,0,1,0,117.893235294118
0,724,Jonathan Ikon�,3,0,1,0,117.871078947368
0,980,Jasmin Kurti?,3,0,1,0,117.540555555556
0,681,Cl�ment Grenier,3,0,1,0,117.526186868687
0,876,Ashley Westwood,3,0,1,0,117.493980392157
0,906,Mark Noble,3,0,1,0,117.301830645161
0,996,Sergej Milinkovi?-Savi?,3,0,1,0,117.063870967742
0,668,Xavier Chavalerin,3,0,1,0,117.060444444444
0,1003,Marco Parolo,3,0,1,0,116.800980392157
0,673,Julian Draxler,3,0,1,0,116.711588709677
0,924,Alex Iwobi,3,0,1,0,116.639107142857
0,843,Enis Bardhi,3,0,1,0,116.558703703704
0,1031,Mario Pa�ali?,3,0,1,0,116.215575757576
0,732,Antonin Bobichon,3,0,1,0,116.050833333333
0,1028,Bryan Cristante,3,0,1,0,116.049880952381
0,718,Jeff Reine-Ad�la�de,3,0,1,0,116.043630952381
0,985,Radja Nainggolan,3,0,1,0,115.979
0,691,Mathieu Cafaro,3,0,1,0,115.95287254902
0,785,Sergi Darder,3,0,1,0,114.967450980392
0,918,Michail Antonio,3,0,1,0,114.815575757576
0,943,Theo Walcott,3,0,1,0,114.761664414414
0,670,Youcef Atal,3,0,1,0,114.647729885057
0,1059,Artur Ioni??,3,0,1,0,114.528655405405
0,788,Adri�n Embarba,3,0,1,0,114.329407407407
0,754,Toni Kroos,3,0,1,0,114.018095238095
0,781,M�chel Herrero,3,0,1,0,113.849702380952
0,764,�ver Banega,3,0,1,0,113.699416666667
0,896,Lucas Torreira,3,0,1,0,113.580637254902
0,804,Pablo Fornals,3,0,1,0,113.567678571429
0,701,Abdoulaye Tour�,3,0,1,0,113.19537254902
0,711,Matthieu Dossevi,3,0,1,0,112.78375
0,973,Cristiano Biraghi,3,0,1,0,112.748851851852
0,716,Jimmy Durmaz,3,0,1,0,112.641851851852
0,665,Na�m Sliti,3,0,1,0,111.94994047619
0,767,Casemiro,3,0,1,0,111.912945402299
0,847,Fabi�n Orellana,3,0,1,0,111.885699494949
0,865,Idrissa Gueye,3,0,1,0,111.583446969697
0,747,Eddy Gnahor�,3,0,1,0,111.266990196078
0,1036,Marco Benassi,3,0,1,0,110.84625
0,1021,Gerson,3,0,1,0,110.435925925926
0,1016,Rolando Mandragora,3,0,1,0,110.246428571429
0,1045,Jens Stryger Larsen,3,0,1,0,109.755407407407
0,882,Jean-Micha�l Seri,3,0,1,0,109.702333333333
0,942,Jack Cork,3,0,1,0,109.456686936937
0,888,Jordan Henderson,3,0,1,0,109.19325
0,765,Joaqu�n,3,0,1,0,108.993888888889
0,872,Henrikh Mkhitaryan,3,0,1,0,108.927083333333
0,1010,Nicol� Barella,3,0,1,0,108.850833333333
0,769,Borja Garcia,3,0,1,0,108.639982323232
0,908,V�ctor Camarasa,3,0,1,0,108.41125
0,998,Blaise Matuidi,3,0,1,0,108.36511827957
0,959,Casimir Ninga,3,0,1,0,107.751237373737
0,822,Franco V�zquez,3,0,1,0,107.733254901961
0,705,Lucas Ocampos,3,0,1,0,107.519931372549
0,884,James Ward-Prowse,3,0,1,0,107.435307692308
0,793,�scar Rodr�guez,3,0,1,0,106.990518817204
0,1025,Mohamed Fares,3,0,1,0,106.990476190476
0,982,Steven? N'Zonzi,3,0,1,0,106.78
0,871,�tienne Capoue,3,0,1,0,106.591618686869
0,1035,Karol Linetty,3,0,1,0,106.575166666667
0,726,Ibrahima Sissoko,3,0,1,0,106.504916666667
0,692,Benjamin Andr�,3,0,1,0,106.4325
0,829,Alfonso Pedraza,3,0,1,0,106.427549019608
0,696,Jacques-Alaixys Romao,3,0,1,0,106.330481481481
0,901,Tom Cairney,3,0,1,0,106.121793010753
0,771,Thomas Partey,3,0,1,0,105.856416666667
0,663,Marco Verratti,3,0,1,0,105.829730769231
0,1013,Timothy Castagne,3,0,1,0,105.309476190476
0,619,Pere Pons,3,0,1,0,105.26881372549
0,879,Aaron Mooy,3,0,1,0,105.087155172414
0,1009,Ivan Radovanovi?,3,0,1,0,104.803511904762
0,964,Luis Alberto,3,0,1,0,104.680262345679
0,978,Emre Can,3,0,1,0,104.678149425287
0,1006,Albin Ekdal,3,0,1,0,104.35375
0,1019,Tom�s Rinc�n,3,0,1,0,104.284549019608
0,699,Luiz Gustavo,3,0,1,0,104.283611111111
0,695,Angelo Fulgini,3,0,1,0,104.281252688172
0,789,William Carvalho,3,0,1,0,104.130833333333
0,683,Maxwel Cornet,3,0,1,0,103.07974691358
0,844,�ngel Correa,3,0,1,0,103.063740740741
0,817,Sofiane Boufal,3,0,1,0,102.817380952381
0,686,Pierre Lees Melou,3,0,1,0,102.803333333333
0,870,Dele Alli,3,0,1,0,102.595833333333
0,768,Alex Granell,3,0,1,0,102.581083333333
0,637,Ryan Sessegnon,3,0,1,0,102.55505952381
0,893,Jefferson Lerma,3,0,1,0,102.1075
0,1027,Soualiho Me�t�,3,0,1,0,101.972083333333
0,1022,Darko Lazovi?,3,0,1,0,101.904035353535
0,947,Demarai Gray,3,0,1,0,101.746382352941
0,819,Andr�s Guardado,3,0,1,0,101.68463172043
0,892,Solly March,3,0,1,0,101.651428571429
0,779,Cristian Tello,3,0,1,0,101.448856321839
0,848,�lvaro Garc�a,3,0,1,0,101.42005952381
0,733,Paul Lasne,3,0,1,0,101.323273809524
0,697,Thomas Monconduit,3,0,1,0,101.156227272727
0,1051,Hamed Junior Traor�,3,0,1,0,101.136416666667
0,919,Matt�o Guendouzi,3,0,1,0,100.868810606061
0,977,Stefano Sensi,3,0,1,0,100.695142857143
0,875,Mesut �zil,3,0,1,0,100.523888888889
0,912,Mateo Kova?i?,3,0,1,0,100.523333333333
0,796,Thomas Lemar,3,0,1,0,100.48613172043
0,975,Robin Gosens,3,0,1,0,100.39080952381
0,933,Will Hughes,3,0,1,0,100.160666666667
0,783,Okay Yoku?lu,3,0,1,0,99.7202777777778
0,807,�scar Plano,3,0,1,0,99.6723813131313
0,730,Thomas Mangani,3,0,1,0,99.5346436781609
0,835,Gonzalo Escalante,3,0,1,0,99.38625
0,1044,Andrea Poli,3,0,1,0,99.2697222222222
0,1020,Simone Missiroli,3,0,1,0,99.1968921568627
0,802,Aleix Garc�a,3,0,1,0,99.1684274193548
0,666,Ibrahim Sangar�,3,0,1,0,99.1052380952381
0,1040,Seko Fofana,3,0,1,0,99.0118521505376
0,1007,Tiemou� Bakayoko,3,0,1,0,98.9372553763441
0,994,Manuel Locatelli,3,0,1,0,98.9168620689655
0,891,Fabinho,3,0,1,0,98.8971904761905
0,916,Nemanja Mati?,3,0,1,0,98.7987619047619
0,795,Ibai G�mez,3,0,1,0,98.2751666666667
0,921,Jonny Castro,3,0,1,0,98.2114318181818
0,713,Pierrick Capelle,3,0,1,0,98.044858974359
0,661,Dani Alves,3,0,1,0,98.0242898550725
0,738,Prince Oniangu�,3,0,1,0,97.9453521505376
0,1015,Rodrigo Bentancur,3,0,1,0,97.7273575268817
0,1018,Mat�as Vecino,3,0,1,0,97.5863888888889
0,903,Aaron Ramsey,3,0,1,0,97.3672857142857
0,936,Jeffrey Schlupp,3,0,1,0,97.2102777777778
0,938,Davy Pr�pper,3,0,1,0,97.0688888888889
0,840,Stanislav Lobotka,3,0,1,0,96.8416505376344
0,897,Ross Barkley,3,0,1,0,96.300037037037
0,816,David Ferreiro,3,0,1,0,96.1671428571428
0,740,Ludovic Blas,3,0,1,0,96.0122450980392
0,828,Nemanja Maksimovi?,3,0,1,0,95.866962962963
0,899,Robert Snodgrass,3,0,1,0,95.8023156565656
0,905,Jesse Lingard,3,0,1,0,95.6131604938272
0,814,Igor Zubeldia,3,0,1,0,95.4031742424243
0,890,Ruben Loftus-Cheek,3,0,1,0,95.3374444444444
0,728,Jordan Ferri,3,0,1,0,95.2919047619048
0,997,Manuel Lazzari,3,0,1,0,95.1688257575757
0,744,�tienne Didot,3,0,1,0,94.8695833333333
0,742,Juan Otero,3,0,1,0,94.6379191919192
0,827,Carlos Soler,3,0,1,0,94.4568655913979
0,914,Dale Stephens,3,0,1,0,94.4302777777778
0,675,Jonas Martin,3,0,1,0,94.3070108695652
0,1038,Daniel Bessa,3,0,1,0,94.1733921568627
0,813,Mikel Merino,3,0,1,0,94.1407385057471
0,787,Esteban Granero,3,0,1,0,94.0636666666667
0,841,Manu Garc�a,3,0,1,0,94.0075196078431
0,925,Moussa Sissoko,3,0,1,0,93.9940287356322
0,880,Xherdan Shaqiri,3,0,1,0,93.953
0,799,Isco,3,0,1,0,93.8008055555556
0,677,Ruben Aguilar,3,0,1,0,93.4960890804598
0,710,Aleksandr Golovin,3,0,1,0,93.4144444444445
0,1037,Lorenzo De Silvestri,3,0,1,0,93.3331666666667
0,777,Gon�alo Guedes,3,0,1,0,93.0308333333333
0,873,Pascal Gro�,3,0,1,0,92.5070833333333
0,945,Bernard,3,0,1,0,92.4806176470588
0,721,Mehdi Abeid,3,0,1,0,92.3549871794872
0,987,Lucas Leiva,3,0,1,0,92.1642191358025
0,1060,Antonino Barill�,3,0,1,0,91.9512258064516
0,806,Ruben Rochina,3,0,1,0,91.8721944444444
0,639,Jeff Hendrick,3,0,1,0,91.70925
0,920,Alex Pritchard,3,0,1,0,91.1388888888889
0,915,Jonathan Hogg,3,0,1,0,90.5601120689655
0,641,Junior Hoilett,3,0,1,0,90.4995833333333
0,1050,Mehdi Bourabia,3,0,1,0,90.1525
0,861,Philip Billing,3,0,1,0,90.0977469135802
0,926,Oriol Romeu,3,0,1,0,89.7464059139785
0,811,Rub�n P�rez,3,0,1,0,89.7015940860215
0,825,Roque Mesa,3,0,1,0,89.6644650537634
0,684,Youssef A�t Bennasser,3,0,1,0,89.6168205128205
0,1023,Gast�n Ram�rez,3,0,1,0,89.6148981481482
0,679,Nicolas Benezet,3,0,1,0,89.4620833333333
0,1043,Alfred Duncan,3,0,1,0,89.1900384615385
0,821,Samuel Chukwueze,3,0,1,0,88.9518205128205
0,704,Romain Hamouma,3,0,1,0,88.8823148148148
0,798,Denis Cheryshev,3,0,1,0,88.7953055555556
0,930,Harry Winks,3,0,1,0,88.779
0,649,Raman Chibsah,3,0,1,0,88.3968333333333
0,805,�scar Melendo,3,0,1,0,88.2349166666667
0,832,Marc Cucurella,3,0,1,0,88.2153924731183
0,706,Kevin Strootman,3,0,1,0,87.97
0,902,J�hann Gu�mundsson,3,0,1,0,87.9608103448276
0,651,P�rparim Hetemaj,3,0,1,0,87.8869444444445
0,932,Naby Ke�ta,3,0,1,0,87.87625
0,1001,Raffaele Maiello,3,0,1,0,87.8163103448276
0,622,Jos� Pozo,3,0,1,0,87.7463735632184
0,934,Stuart Armstrong,3,0,1,0,87.5283189655172
0,803,Arthur,3,0,1,0,87.2358518518518
0,1042,Valter Birsa,3,0,1,0,87.2223563218391
0,790,Dani Ceballos,3,0,1,0,86.8723369565217
0,852,Fran Beltran,3,0,1,0,86.8244444444445
0,752,Romain Amalfitano,3,0,1,0,86.6888333333333
0,1011,Emanuele Giaccherini,3,0,1,0,86.6416666666667
0,849,Jason,3,0,1,0,86.2136111111111
0,737,Xeka,3,0,1,0,86.0921944444445
0,1061,Jan Oblak,1,0,1,0,211
0,1096,Walter Ben�tez,1,0,1,0,199
0,1117,Alisson,1,0,1,0,199
0,1086,Samir Handanovi?,1,0,1,0,196
0,1084,Luigi Sepe,1,0,1,0,190
0,1120,Neil Etheridge,1,0,1,0,188
0,1098,Edouard Mendy,1,0,1,0,187
0,1104,Brice Samba,1,0,1,0,186
0,1135,Yann Sommer,1,0,1,0,186
0,1080,Alessio Cragno,1,0,1,0,185
0,1119,Ederson,1,0,1,0,185
0,1097,St�phane Ruffier,1,0,1,0,184
0,1099,Mike Maignan,1,0,1,0,184
0,1067,Marc-Andr� ter Stegen,1,0,1,0,183
0,1083,Salvatore Sirigu,1,0,1,0,183
0,1118,?ukasz Fabia?ski,1,0,1,0,182
0,1134,P�ter Gul�csi,1,0,1,0,182
0,1064,David Soria,1,0,1,0,181
0,1105,Paul Bernardoni,1,0,1,0,181
0,1125,Jordan Pickford,1,0,1,0,180
0,1069,Diego L�pez,1,0,1,0,178
0,1088,Marco Sportiello,1,0,1,0,178
0,1090,?ukasz Skorupski,1,0,1,0,178
0,1109,Regis Gurtner,1,0,1,0,177
0,1062,Sergio Asenjo,1,0,1,0,176
0,1102,Ludovic Butelle,1,0,1,0,176
0,1116,Hugo Lloris,1,0,1,0,175
0,1103,Benjamin Lecomte,1,0,1,0,174
0,1136,Michael Esser,1,0,1,0,174
0,1063,Bono,1,0,1,0,172
0,1092,Andrea Consigli,1,0,1,0,172
0,1122,Kepa Arrizabalaga,1,0,1,0,172
0,1101,Beno�t Costil,1,0,1,0,171
0,1065,Neto,1,0,1,0,170
0,1123,Ben Foster,1,0,1,0,170
0,1127,Martin D�bravka,1,0,1,0,169
0,1081,Gianluigi Donnarumma,1,0,1,0,168
0,1128,David De Gea,1,0,1,0,167
0,1137,Kevin Trapp,1,0,1,0,166
0,1091,Emil Audero,1,0,1,0,165
0,1068,Fernando Pacheco,1,0,1,0,163
0,1070,Jordi Masip,1,0,1,0,163
0,1087,Thomas Strakosha,1,0,1,0,161
0,1108,Anthony Lopes,1,0,1,0,160
0,1126,Kasper Schmeichel,1,0,1,0,160
0,1107,Matz Sels,1,0,1,0,159
0,1074,TomᚠVacl�k,1,0,1,0,158
0,1141,Roman B�rki,1,0,1,0,158
0,1139,Oliver Baumann,1,0,1,0,157
0,1144,Rune Jarstein,1,0,1,0,157
0,1072,Pau L�pez,1,0,1,0,156
0,1082,Juan Musso,1,0,1,0,156
0,1113,Tom� Koubek,1,0,1,0,156
0,1093,Andrei Radu,1,0,1,0,155
0,1146,Ron-Robert Zieler,1,0,1,0,155
0,1121,Bernd Leno,1,0,1,0,154
0,1124,Sergio Rico,1,0,1,0,154
0,1131,Rui Patr�cio,1,0,1,0,154
0,1089,Alban Lafont,1,0,1,0,153
0,1143,Alexander Schwolow,1,0,1,0,153
0,1066,Oier Olaz�bal,1,0,1,0,152
0,1094,Stefano Sorrentino,1,0,1,0,151
0,1147,Michael Rensing,1,0,1,0,151
0,1145,Luk� Hr�deck�,1,0,1,0,150
0,1110,Baptiste Reynet,1,0,1,0,148
0,1140,Ji?� Pavlenka,1,0,1,0,148
0,1132,Mathew Ryan,1,0,1,0,147
0,1138,Koen Casteels,1,0,1,0,146
0,1075,Iv�n Cu�llar,1,0,1,0,145
0,1085,Wojciech Szcz?sny,1,0,1,0,145
0,1112,Steve Mandanda,1,0,1,0,141
0,1079,Iago Herrer�n,1,0,1,0,138
0,1073,Ger�nimo Rulli,1,0,1,0,136
0,1148,Florian M�ller,1,0,1,0,136
0,1071,Thibaut Courtois,1,0,1,0,135
0,1130,Jonas L�ssl,1,0,1,0,134
0,1100,Alphonse Ar�ola,1,0,1,0,133
0,1095,Robin Olsen,1,0,1,0,132
0,1106,Ciprian T?t?ru?anu,1,0,1,0,129
0,1076,Rub�n Blanco,1,0,1,0,127
0,1129,Alex McCarthy,1,0,1,0,127
0,1142,Christian Mathenia,1,0,1,0,124
0,1111,Marc-Aurele Caillard,1,0,1,0,122
0,1133,Asmir Begovi?,1,0,1,0,118
0,1149,Manuel Neuer,1,0,1,0,117
0,1115,R�nar�Alex R�narsson,1,0,1,0,115
0,1114,Diego Benaglio,1,0,1,0,113
0,1078,Marko Dmitrovi?,1,0,1,0,112
0,1077,Stole Dimitrievski,1,0,1,0,108
